{
    "display": {
        "icon": {
            "id": "minecraft:player_head",
            "components": {
          	"minecraft:profile": {
              "id": [993663538,-1604427873,-1112388138,745652001],
              "properties":[
                {
                "name": "textures",
                "value": "e3RleHR1cmVzOntTS0lOOnt1cmw6Imh0dHA6Ly90ZXh0dXJlcy5taW5lY3JhZnQubmV0L3RleHR1cmUvNTViOWZkOTMzNjczNDhlOTQxYTFmY2YyZWE1MDczOWMyZWYwMGZjMTc2YjVjNzliMzJhOTFhMDAyZDQzZWM5NSJ9fX0="
            }
        ]
      }
    }
  },
        "title": "LiteraGame's Datapacks",
        "description": "All loaded data packs made by LiteraGame",
        "background": "minecraft:block/blue_concrete",
        "frame": "challenge",
        "show_toast": false,
        "announce_to_chat": false
},
"criteria": {
        "tick": {
            "trigger": "minecraft:tick"
        }
    }
}
        
        
    
        
    
